timestamp,open,low,high,close,volume
2015-06-19,441,422,485,435,49951320
2015-06-22,431,402,431,422,6128647
2015-06-23,404,393,422,401,1608659
2015-06-24,401,374,401,391,942467
2015-06-25,391,375,393,384,182446
2015-06-26,384,382,384,384,378446
2015-06-29,402,382,402,383,1089989
2015-06-30,374,374,383,383,577574
2015-07-01,383,382,383,383,24499
2015-07-02,390,381,390,383,383659
2015-07-03,374,374,383,383,27627
2015-07-06,383,374,383,383,77148
2015-07-07,401,383,401,383,7297
2015-07-08,375,374,383,383,51085
2015-07-09,383,381,402,383,143872
2015-07-10,383,383,389,383,121457
2015-07-13,383,383,383,383,9382
2015-07-14,383,383,383,383,4691
2015-07-15,383,383,383,383,38053
2015-07-16,383,383,383,383,0
2015-07-17,383,383,383,383,0
2015-07-20,383,383,383,383,0
2015-07-21,383,383,383,383,0
2015-07-22,383,383,383,383,61510
2015-07-23,383,383,388,388,59425
2015-07-24,388,383,388,383,10425
2015-07-27,383,383,383,383,81319
2015-07-28,389,381,389,383,512936
2015-07-29,383,383,383,383,8861
2015-07-30,383,383,383,383,469670
2015-07-31,383,383,383,383,36489
2015-08-03,383,383,383,383,0
2015-08-04,383,383,383,383,1042
2015-08-05,383,383,383,383,0
2015-08-06,383,383,383,383,0
2015-08-07,383,383,383,383,521
2015-08-10,383,383,383,383,0
2015-08-11,383,383,383,383,0
2015-08-12,374,354,383,383,26585
2015-08-13,383,383,383,383,0
2015-08-14,383,383,383,383,0
2015-08-17,383,383,383,383,0
2015-08-18,383,383,383,383,0
2015-08-19,383,383,383,383,0
2015-08-20,383,383,383,383,0
2015-08-21,354,354,383,383,2606
2015-08-24,354,354,382,382,6255
2015-08-25,382,382,382,382,0
2015-08-26,387,387,387,387,1042
2015-08-27,386,386,386,386,521
2015-08-28,386,386,386,386,0
2015-08-31,386,386,386,386,0
2015-09-01,386,386,386,386,0
2015-09-02,374,374,374,374,521
2015-09-03,364,364,364,364,51606
2015-09-04,364,364,383,383,12510
2015-09-07,383,383,383,383,0
2015-09-08,383,383,383,383,0
2015-09-09,383,383,383,383,0
2015-09-10,383,383,383,383,0
2015-09-11,383,383,383,383,0
2015-09-14,383,383,383,383,0
2015-09-15,383,383,383,383,0
2015-09-16,383,383,383,383,0
2015-09-17,389,389,389,389,521
2015-09-18,389,389,389,389,0
2015-09-21,383,374,383,383,12510
2015-09-22,383,383,383,383,0
2015-09-23,383,383,383,383,0
2015-09-24,383,383,383,383,0
2015-09-25,383,383,383,383,0
2015-09-28,383,383,383,383,0
2015-09-29,389,389,389,389,521
2015-09-30,389,389,389,389,0
2015-10-01,389,389,389,389,0
2015-10-02,379,379,379,379,1042
2015-10-05,379,379,379,379,1563
2015-10-06,388,388,388,388,2606
2015-10-07,383,383,383,383,1563
2015-10-08,386,386,386,386,1042
2015-10-09,386,386,386,386,0
2015-10-12,386,386,386,386,0
2015-10-13,386,386,386,386,0
2015-10-14,386,386,386,386,0
2015-10-15,374,374,378,374,4170
2015-10-16,386,386,386,386,1042
2015-10-19,374,374,374,374,2085
2015-10-20,386,386,386,386,6255
2015-10-21,374,364,385,385,15117
2015-10-22,385,385,385,385,0
2015-10-23,374,374,383,383,2606
2015-10-26,383,374,383,383,4691
2015-10-27,383,354,383,380,13031
2015-10-28,374,354,383,383,7819
2015-10-29,354,354,383,383,52648
2015-10-30,383,383,383,383,0
2015-11-02,383,383,383,383,0
2015-11-03,378,378,378,378,521
2015-11-04,378,378,378,378,0
2015-11-05,378,378,378,378,0
2015-11-06,382,382,382,382,521
2015-11-09,382,382,382,382,0
2015-11-10,383,359,383,373,14074
2015-11-11,383,383,383,383,31276
2015-11-12,383,383,383,383,0
2015-11-13,383,383,383,383,0
2015-11-16,383,383,383,383,0
2015-11-17,383,383,383,383,0
2015-11-18,364,364,364,364,5734
2015-11-19,382,364,382,380,7297
2015-11-20,380,380,380,380,521
2015-11-23,380,380,380,380,0
2015-11-24,382,382,383,383,13031
2015-11-25,388,386,388,388,6255
2015-11-26,385,385,385,385,2606
2015-11-27,385,385,385,385,0
2015-11-30,388,388,388,388,1042
2015-12-01,388,388,388,388,0
2015-12-02,388,388,388,388,0
2015-12-03,388,388,388,388,0
2015-12-04,389,389,389,389,521
2015-12-07,389,389,389,389,0
2015-12-08,387,387,387,387,521
2015-12-09,387,387,387,387,0
2015-12-10,387,387,387,387,0
2015-12-11,387,387,387,387,0
2015-12-14,389,389,389,389,521
2015-12-15,389,389,389,389,0
2015-12-16,389,389,389,389,0
2015-12-17,389,389,389,389,0
2015-12-18,389,389,389,389,0
2015-12-21,389,389,389,389,0
2015-12-22,389,389,389,389,0
2015-12-23,389,389,389,389,0
2015-12-24,389,389,389,389,0
2015-12-25,389,389,389,389,0
2015-12-28,389,389,389,389,0
2015-12-29,384,384,384,384,2606
2015-12-30,383,383,386,386,6776
2015-12-31,383,383,386,386,0
2016-01-01,383,383,386,386,0
2016-01-04,389,389,389,389,521
2016-01-05,364,364,382,382,5734
2016-01-06,389,389,389,389,15638
2016-01-07,389,389,389,389,0
2016-01-08,389,389,389,389,0
2016-01-11,389,389,389,389,0
2016-01-12,389,389,389,389,0
2016-01-13,389,389,389,389,0
2016-01-14,389,389,389,389,0
2016-01-15,389,389,389,389,0
2016-01-18,389,389,389,389,0
2016-01-19,389,389,389,389,0
2016-01-20,389,389,389,389,0
2016-01-21,383,383,383,383,6255
2016-01-22,383,383,383,383,0
2016-01-25,383,383,383,383,0
2016-01-26,383,383,383,383,0
2016-01-27,383,383,383,383,0
2016-01-28,383,383,383,383,0
2016-01-29,383,383,383,383,0
2016-02-01,348,348,364,364,10425
2016-02-02,364,364,364,364,0
2016-02-03,364,364,364,364,0
2016-02-04,364,364,364,364,0
2016-02-05,364,364,364,364,0
2016-02-08,364,364,364,364,0
2016-02-09,364,364,364,364,2085
2016-02-10,364,364,364,364,258553
2016-02-11,364,364,364,364,0
2016-02-12,364,364,364,364,0
2016-02-15,364,364,364,364,0
2016-02-16,364,364,364,364,0
2016-02-17,364,364,364,364,0
2016-02-18,364,364,364,364,0
2016-02-19,364,364,364,364,5212
2016-02-22,364,364,364,364,0
2016-02-23,364,364,364,364,0
2016-02-24,364,364,364,364,0
2016-02-25,364,364,364,364,0
2016-02-26,364,364,364,364,0
2016-02-29,364,364,364,364,0
2016-03-01,364,364,364,364,0
2016-03-02,364,350,364,350,10946
2016-03-03,350,350,350,350,521
2016-03-04,350,350,350,350,6255
2016-03-07,355,354,355,354,13553
2016-03-08,350,350,350,350,79234
2016-03-09,350,350,350,350,0
2016-03-10,350,350,363,363,31276
2016-03-11,350,350,363,363,0
2016-03-14,350,350,363,363,0
2016-03-15,326,326,326,326,47957
2016-03-16,327,327,328,327,29712
2016-03-17,328,326,328,326,194436
2016-03-18,326,326,326,326,0
2016-03-21,326,326,329,326,30234
2016-03-22,326,326,326,326,0
2016-03-23,326,326,326,326,0
2016-03-24,318,318,318,318,521
2016-03-25,318,318,318,318,0
2016-03-28,318,311,318,311,169414
2016-03-29,374,374,374,374,521
2016-03-30,374,368,377,377,11989
2016-03-31,377,377,377,377,0
2016-04-01,381,381,381,381,6255
2016-04-04,381,381,381,381,0
2016-04-05,381,381,381,381,0
2016-04-06,381,381,381,381,0
2016-04-07,381,381,381,381,0
2016-04-08,364,364,364,364,4170
2016-04-11,364,364,364,364,0
2016-04-12,364,364,364,364,0
2016-04-13,364,364,364,364,0
2016-04-14,364,364,364,364,0
2016-04-15,364,364,364,364,0
2016-04-18,364,364,364,364,0
2016-04-19,364,364,364,364,0
2016-04-20,313,313,313,313,6255
2016-04-21,364,364,364,364,0
2016-04-22,364,364,364,364,0
2016-04-25,364,364,364,364,0
2016-04-26,364,364,364,364,0
2016-04-27,364,364,364,364,0
2016-04-28,331,331,385,382,9382
2016-04-29,382,347,389,389,10946
2016-05-02,365,364,365,364,214765
2016-05-03,364,364,364,364,0
2016-05-04,364,364,364,364,0
2016-05-05,364,364,364,364,0
2016-05-06,364,364,364,364,0
2016-05-09,364,364,364,364,0
2016-05-10,374,374,374,374,1042
2016-05-11,374,374,374,374,2085
2016-05-12,364,364,364,364,4170
2016-05-13,364,362,374,362,25542
2016-05-16,362,358,393,393,87574
2016-05-17,389,389,389,389,521
2016-05-18,389,387,389,387,496776
2016-05-19,389,389,389,389,109468
2016-05-20,385,385,385,385,521
2016-05-23,385,385,385,385,0
2016-05-24,385,385,385,385,0
2016-05-25,364,364,364,364,9904
2016-05-26,364,364,364,364,10425
2016-05-27,364,364,364,364,0
2016-05-30,364,364,364,364,0
2016-05-31,364,364,364,364,0
2016-06-01,364,354,364,354,260638
2016-06-02,347,347,351,351,12510
2016-06-03,347,347,383,383,136574
2016-06-06,383,383,383,383,0
2016-06-07,383,383,383,383,0
2016-06-08,383,383,383,383,0
2016-06-09,383,383,383,383,19808
2016-06-10,379,379,383,383,7819
2016-06-13,366,366,366,366,22414
2016-06-14,366,354,374,374,140744
2016-06-15,374,364,374,364,138138
2016-06-16,366,366,366,366,6255
2016-06-17,368,368,368,368,6255
2016-06-20,368,368,368,368,521
2016-06-21,370,366,370,366,6255
2016-06-22,368,368,368,368,15117
2016-06-23,368,368,368,368,0
2016-06-24,374,370,374,370,97478
2016-06-27,374,374,383,383,326319
2016-06-28,376,364,376,370,221021
2016-06-29,370,370,383,383,242393
2016-06-30,376,376,379,379,17723
2016-07-01,379,379,379,379,0
2016-07-04,379,379,379,379,0
2016-07-05,379,379,379,379,0
2016-07-06,379,379,379,379,0
2016-07-07,379,379,379,379,0
2016-07-08,379,379,379,379,0
2016-07-11,379,376,379,376,7819
2016-07-12,376,376,376,376,0
2016-07-13,389,374,393,389,2523499
2016-07-14,389,389,389,389,6776
2016-07-15,389,389,389,389,0
2016-07-18,383,383,383,383,12510
2016-07-19,385,385,391,391,105819
2016-07-20,393,389,397,397,147521
2016-07-21,389,374,389,383,426925
2016-07-22,376,376,383,381,372191
2016-07-25,376,376,376,376,1563
2016-07-26,376,376,383,383,22936
2016-07-27,376,374,376,374,12510
2016-07-28,374,364,374,374,191308
2016-07-29,383,383,383,383,521
2016-08-01,383,374,383,383,13031
2016-08-02,383,383,383,383,0
2016-08-03,383,383,383,383,145957
2016-08-04,383,383,383,383,145957
2016-08-05,383,364,383,374,267936
2016-08-08,374,374,374,374,31276
2016-08-09,374,374,374,374,5212
2016-08-10,374,374,374,374,5212
2016-08-11,374,374,374,374,6255
2016-08-12,374,374,374,374,0
2016-08-15,376,376,376,376,127712
2016-08-16,376,376,376,376,0
2016-08-17,376,376,376,376,0
2016-08-18,370,370,370,370,6776
2016-08-19,370,370,370,370,7297
2016-08-22,369,369,369,369,7297
2016-08-23,370,370,370,370,6255
2016-08-24,370,370,370,370,13553
2016-08-25,370,370,370,370,0
2016-08-26,370,369,370,369,15117
2016-08-29,369,369,369,369,0
2016-08-30,370,369,370,369,17723
2016-08-31,383,383,383,383,9382
2016-09-01,383,383,383,383,0
2016-09-02,372,372,383,383,17202
2016-09-05,383,383,383,383,10425
2016-09-06,381,365,381,365,34925
2016-09-07,365,364,366,365,75063
2016-09-08,383,383,383,383,521
2016-09-09,374,345,374,364,276797
2016-09-12,374,345,374,364,0
2016-09-13,366,366,366,366,6776
2016-09-14,366,364,366,364,118851
2016-09-15,364,364,364,364,0
2016-09-16,364,364,364,364,0
2016-09-19,364,356,364,356,38574
2016-09-20,356,356,356,356,0
2016-09-21,374,374,374,374,5734
2016-09-22,374,374,374,374,6776
2016-09-23,374,374,374,374,14074
2016-09-26,374,374,374,374,5734
2016-09-27,374,374,374,374,7297
2016-09-28,374,374,374,374,6255
2016-09-29,374,374,374,374,0
2016-09-30,374,374,387,383,69329
2016-10-03,374,366,374,366,12510
2016-10-04,366,366,366,366,0
2016-10-05,366,366,366,366,0
2016-10-06,374,368,374,368,6776
2016-10-07,372,372,372,372,6255
2016-10-10,372,372,372,372,6255
2016-10-11,372,372,372,372,0
2016-10-12,372,372,372,372,0
2016-10-13,376,372,376,372,10425
2016-10-14,372,372,372,372,0
2016-10-17,377,377,377,377,1563
2016-10-18,374,374,376,374,17202
2016-10-19,374,372,376,376,5212
2016-10-20,376,372,376,372,14074
2016-10-21,366,366,366,366,2606
2016-10-24,366,366,376,376,428489
2016-10-25,379,379,379,379,7819
2016-10-26,376,376,376,376,5212
2016-10-27,374,370,376,370,28148
2016-10-28,406,406,427,427,1042
2016-10-31,412,387,412,391,30234
2016-11-01,391,391,391,391,0
2016-11-02,383,372,391,372,60468
2016-11-03,383,379,387,385,13031
2016-11-04,385,385,385,385,5212
2016-11-07,385,383,385,383,43265
2016-11-08,387,383,387,383,2606
2016-11-09,385,383,385,383,10425
2016-11-10,383,383,383,383,7819
2016-11-11,381,381,383,383,804850
2016-11-14,383,381,383,381,86531
2016-11-15,393,393,393,393,521
2016-11-16,393,383,393,391,64638
2016-11-17,383,383,383,383,8861
2016-11-18,383,383,383,383,0
2016-11-21,383,383,383,383,13553
2016-11-22,389,385,389,385,106340
2016-11-23,385,385,387,387,73499
2016-11-24,383,383,383,383,12510
2016-11-25,383,381,383,383,7297
2016-11-28,383,383,383,383,113638
2016-11-29,385,385,385,385,1563
2016-11-30,385,383,385,383,337265
2016-12-01,383,383,383,383,2606
2016-12-02,383,383,383,383,104255
2016-12-05,383,383,383,383,6255
2016-12-06,383,383,383,383,0
2016-12-07,383,383,383,383,6255
2016-12-08,383,383,383,383,16680
2016-12-09,383,383,383,383,120936
2016-12-12,383,383,383,383,0
2016-12-13,383,383,383,383,130319
2016-12-14,399,399,399,399,198085
2016-12-15,399,399,399,399,0
2016-12-16,399,383,399,383,521
2016-12-19,383,383,383,383,1042
2016-12-20,383,383,383,383,8340
2016-12-21,383,383,383,383,6255
2016-12-22,383,383,383,383,0
2016-12-23,383,383,383,383,104776
2016-12-26,383,383,383,383,0
2016-12-27,383,383,383,383,1042
2016-12-28,383,383,383,383,67765
2016-12-29,383,383,383,383,0
2016-12-30,383,383,383,383,1042
2017-01-02,383,383,383,383,0
2017-01-03,383,383,383,383,2085
2017-01-04,383,381,383,381,12510
2017-01-05,381,381,381,381,5734
2017-01-06,381,381,381,381,521
2017-01-09,381,381,381,381,5734
2017-01-10,381,381,381,381,10425
2017-01-11,381,381,381,381,0
2017-01-12,381,381,381,381,0
2017-01-13,381,381,381,381,0
2017-01-16,381,381,381,381,10425
2017-01-17,381,379,381,379,10946
2017-01-18,379,379,379,379,0
2017-01-19,383,379,383,379,9382
2017-01-20,379,379,379,379,0
2017-01-23,379,377,379,377,1042
2017-01-24,379,379,379,379,10425
2017-01-25,379,370,379,370,19287
2017-01-26,370,370,370,370,5734
2017-01-27,371,371,371,371,10425
2017-01-30,371,371,375,375,10946
2017-01-31,377,376,377,377,29191
2017-02-01,377,377,379,379,59946
2017-02-02,379,379,379,379,0
2017-02-03,379,374,379,374,15638
2017-02-06,373,373,373,373,5212
2017-02-07,427,385,427,387,137095
2017-02-08,389,387,389,387,26063
2017-02-09,387,387,387,387,0
2017-02-10,387,374,387,374,12510
2017-02-13,374,374,402,402,212680
2017-02-14,402,402,402,402,521
2017-02-15,402,402,402,402,0
2017-02-16,402,377,412,377,58904
2017-02-17,377,377,402,381,310159
2017-02-20,383,380,383,380,313287
2017-02-21,381,378,381,381,527010
2017-02-22,381,381,381,381,0
2017-02-23,381,381,381,381,0
2017-02-24,402,402,402,402,59425
2017-02-27,402,402,425,425,181404
2017-02-28,406,406,406,406,3648
2017-03-01,408,408,408,408,521
2017-03-02,422,422,422,422,5212
2017-03-03,439,439,439,439,27106
2017-03-06,439,439,439,439,0
2017-03-07,431,431,439,435,53170
2017-03-08,435,383,435,383,255425
2017-03-09,402,383,402,402,130319
2017-03-10,402,402,402,402,521276
2017-03-13,402,383,422,402,1932371
2017-03-14,402,393,402,402,457680
2017-03-15,402,402,402,402,0
2017-03-16,422,422,431,431,27627
2017-03-17,431,431,431,431,1146808
2017-03-20,431,393,431,393,83925
2017-03-21,422,422,431,431,10946
2017-03-22,431,422,431,422,20851
2017-03-23,422,422,441,431,3057807
2017-03-24,412,412,412,412,2606
2017-03-27,460,460,460,460,2606
2017-03-28,460,460,460,460,0
2017-03-29,460,460,479,479,20851
2017-03-30,494,460,494,494,167851
2017-03-31,479,460,496,479,154819
2017-04-03,496,479,496,479,2085
2017-04-04,479,441,479,470,93308
2017-04-05,479,441,479,470,0
2017-04-06,460,460,517,460,256468
2017-04-07,460,460,479,479,7297
2017-04-10,479,460,479,460,113638
2017-04-11,460,460,460,460,6255
2017-04-12,460,460,460,460,5212
2017-04-13,458,458,479,479,57861
2017-04-14,458,458,479,479,0
2017-04-17,479,464,479,464,53170
2017-04-18,464,464,479,470,199648
2017-04-19,470,470,470,470,0
2017-04-20,470,470,498,470,461850
2017-04-21,477,470,477,477,4170
2017-04-24,477,470,477,477,0
2017-04-25,477,468,477,470,270021
2017-04-26,470,479,479,479,1042
2017-04-27,470,460,479,477,32840
2017-04-28,477,460,477,460,18244
2017-05-01,477,460,477,460,0
2017-05-02,470,470,470,470,156382
2017-05-03,470,470,470,470,0
2017-05-04,470,470,470,470,0
2017-05-05,470,470,470,470,0
2017-05-08,460,460,460,460,244478
2017-05-09,460,460,479,460,622404
2017-05-10,479,479,479,479,1042
2017-05-11,479,479,479,479,0
2017-05-12,477,477,477,477,521
2017-05-15,477,460,493,460,1070180
2017-05-16,460,441,460,460,190265
2017-05-17,460,441,460,460,282010
2017-05-18,441,441,441,441,31797
2017-05-19,441,402,479,479,365936
2017-05-22,412,412,441,441,134489
2017-05-23,439,422,439,439,181925
2017-05-24,439,423,439,423,26063
2017-05-25,439,423,439,423,0
2017-05-26,423,423,423,423,234574
2017-05-29,477,431,477,475,72457
2017-05-30,431,431,450,450,40659
2017-05-31,450,450,479,477,381053
2017-06-01,477,477,477,477,0
2017-06-02,477,477,477,477,0
2017-06-05,477,450,479,479,643255
2017-06-06,479,450,479,450,376882
2017-06-07,475,475,487,485,91223
2017-06-08,485,485,485,485,0
2017-06-09,485,485,485,485,0
2017-06-12,479,450,479,450,479574
2017-06-13,450,441,477,441,589042
2017-06-14,441,441,441,441,10425
2017-06-15,422,422,441,422,81840
2017-06-16,422,422,422,422,3313754
2017-06-19,422,422,422,422,0
2017-06-20,443,441,443,441,57340
2017-06-21,441,441,441,441,6255
2017-06-22,441,441,441,441,5212
2017-06-23,441,441,441,441,0
2017-06-26,441,441,441,441,0
2017-06-27,441,441,441,441,0
2017-06-28,441,441,441,441,0
2017-06-29,441,441,441,441,0
2017-06-30,441,441,441,441,0
2017-07-03,423,422,423,422,354468
2017-07-04,422,422,441,441,345606
2017-07-05,441,422,441,422,1008670
2017-07-06,431,431,441,439,6255
2017-07-07,431,431,431,431,138659
2017-07-10,431,431,431,431,0
2017-07-11,412,412,431,431,3127
2017-07-12,412,402,422,402,349776
2017-07-13,431,431,441,431,150648
2017-07-14,450,450,450,450,1042
2017-07-17,450,450,450,450,0
2017-07-18,450,450,450,450,0
2017-07-19,450,450,450,450,2085
2017-07-20,441,441,450,441,54212
2017-07-21,441,441,441,441,469670
2017-07-24,441,441,441,441,156904
2017-07-25,441,441,441,441,0
2017-07-26,441,441,441,441,521
2017-07-27,450,450,450,450,521
2017-07-28,470,441,470,441,52648
2017-07-31,441,441,458,458,4691
2017-08-01,458,458,458,458,0
2017-08-02,470,468,470,470,21372
2017-08-03,479,412,479,441,97478
2017-08-04,460,460,460,460,83404
2017-08-07,466,418,466,454,176191
2017-08-08,452,452,454,454,9382
2017-08-09,454,454,454,454,0
2017-08-10,454,454,454,454,5734
2017-08-11,456,418,460,456,217372
2017-08-14,456,456,456,456,0
2017-08-15,454,454,454,454,10425
2017-08-16,448,448,464,464,6167743
2017-08-17,464,464,464,464,0
2017-08-18,448,441,462,450,1675903
2017-08-21,452,450,460,450,552553
2017-08-22,458,450,458,456,236138
2017-08-23,454,450,460,458,442042
2017-08-24,462,450,462,450,252297
2017-08-25,450,450,450,450,91223
2017-08-28,460,460,460,460,2606
2017-08-29,460,441,460,450,418063
2017-08-30,450,450,450,450,188180
2017-08-31,460,460,462,460,1447584
2017-09-01,460,460,460,460,0
2017-09-04,471,450,479,450,55776
2017-09-05,460,456,470,470,934648
2017-09-06,470,470,470,470,1042
2017-09-07,470,470,470,470,0
2017-09-08,452,450,468,468,40138
2017-09-11,452,446,458,446,218414
2017-09-12,460,445,460,450,109989
2017-09-13,458,450,458,458,284095
2017-09-14,460,460,460,460,521
2017-09-15,450,446,450,446,130840
2017-09-18,458,452,458,452,105297
2017-09-19,460,452,460,452,14074
2017-09-20,450,445,450,445,420670
2017-09-21,445,445,445,445,0
2017-09-22,445,441,445,441,228840
2017-09-25,450,450,450,450,521
2017-09-26,450,450,450,450,0
2017-09-27,441,435,450,450,18244
2017-09-28,450,437,450,450,2606
2017-09-29,450,450,450,450,0
2017-10-02,450,441,450,450,6776
2017-10-03,450,450,450,450,0
2017-10-04,433,427,441,439,645340
2017-10-05,450,450,450,450,521
2017-10-06,450,441,450,450,1704052
2017-10-09,441,441,441,441,2606
2017-10-10,441,441,450,450,4170
2017-10-11,450,450,450,450,5734
2017-10-12,450,445,450,445,182968
2017-10-13,439,439,450,450,8340
2017-10-16,450,450,450,450,0
2017-10-17,450,450,450,450,0
2017-10-18,450,441,450,450,12510
2017-10-19,450,450,450,450,443085
2017-10-20,445,445,450,450,52127
2017-10-23,450,450,450,450,78712
2017-10-24,448,448,450,448,361765
2017-10-25,446,446,450,450,1563
2017-10-26,450,450,450,450,0
2017-10-27,450,450,450,450,0
2017-10-30,450,450,450,450,0
2017-10-31,450,450,450,450,5212
2017-11-01,450,441,450,450,178276
2017-11-02,450,445,460,450,2355127
2017-11-03,441,441,441,441,6255
2017-11-06,450,450,450,450,2606
2017-11-07,446,443,448,448,43787
2017-11-08,448,448,450,448,201734
2017-11-09,441,441,450,450,52648
2017-11-10,450,441,450,450,3466488
2017-11-13,441,441,454,454,1295372
2017-11-14,456,441,460,454,712584
2017-11-15,479,470,479,470,7819
2017-11-16,450,450,450,450,5734
2017-11-17,450,450,450,450,6255
2017-11-20,450,443,460,445,368021
2017-11-21,460,441,460,445,872616
2017-11-22,445,441,445,441,2513595
2017-11-23,454,454,454,454,521
2017-11-24,441,441,441,441,823095
2017-11-27,450,441,454,454,21893
2017-11-28,441,422,454,454,400340
2017-11-29,441,441,441,441,5734
2017-11-30,450,450,450,450,1042
2017-12-01,450,450,450,450,0
2017-12-04,452,450,452,450,1563
2017-12-05,435,431,441,441,136053
2017-12-06,441,441,441,441,0
2017-12-07,450,441,450,441,911712
2017-12-08,441,427,452,441,236138
2017-12-11,441,431,441,431,2013691
2017-12-12,460,425,460,450,8340
2017-12-13,425,412,441,439,301819
2017-12-14,439,439,450,441,94351
2017-12-15,439,439,446,439,88095
2017-12-18,439,439,439,439,521
2017-12-19,439,439,458,452,34925
2017-12-20,456,456,456,456,521
2017-12-21,456,456,456,456,0
2017-12-22,431,412,431,431,1008148
2017-12-25,431,431,431,431,0
2017-12-26,431,431,431,431,0
2017-12-27,431,383,431,422,574446
2017-12-28,414,410,431,431,1238552
2017-12-29,431,402,431,410,2394222
2018-01-01,410,410,410,410,0
2018-01-02,412,408,431,429,1543499
2018-01-03,429,418,429,418,48478
2018-01-04,429,404,429,418,364372
2018-01-05,425,408,431,410,1571127
2018-01-08,418,410,431,422,527531
2018-01-09,422,420,429,429,225712
2018-01-10,420,420,431,425,1046201
2018-01-11,425,425,425,425,521
2018-01-12,431,431,450,441,1956871
2018-01-15,441,439,441,439,516585
2018-01-16,454,431,454,437,222063
2018-01-17,450,448,454,448,6066615
2018-01-18,454,425,454,445,961233
2018-01-19,452,452,452,452,521
2018-01-22,448,441,452,441,430053
2018-01-23,441,441,452,452,449861
2018-01-24,452,446,452,452,2606
2018-01-25,450,441,450,450,236659
2018-01-26,443,441,450,450,1049850
2018-01-29,450,450,452,450,39095
2018-01-30,450,448,450,448,188702
2018-01-31,452,445,452,448,1301106
2018-02-01,450,446,452,448,419627
2018-02-02,452,441,452,450,525446
2018-02-05,450,441,450,441,123021
2018-02-06,450,437,460,458,1635244
2018-02-07,445,445,470,458,434744
2018-02-08,470,458,470,458,509808
2018-02-09,460,460,468,464,86531
2018-02-12,460,450,464,464,84446
2018-02-13,460,441,464,454,332053
2018-02-14,456,454,458,456,872095
2018-02-15,458,443,458,454,621882
2018-02-16,454,454,454,454,0
2018-02-19,450,446,456,450,1082170
2018-02-20,456,450,456,454,80276
2018-02-21,456,454,456,454,25021
2018-02-22,450,448,454,448,1606574
2018-02-23,448,448,468,466,1162967
2018-02-26,460,450,460,458,109468
2018-02-27,458,456,460,460,339351
2018-02-28,460,460,462,460,305468
2018-03-01,468,456,468,460,861148
2018-03-02,460,458,466,460,1191116
2018-03-05,468,458,468,460,607287
2018-03-06,466,466,466,466,19808
2018-03-07,460,456,468,456,286702
2018-03-08,456,456,466,460,725616
2018-03-09,460,460,460,460,1991797
2018-03-12,460,460,460,460,0
2018-03-13,460,460,468,460,92787
2018-03-14,468,452,489,466,3326786
2018-03-15,496,460,496,460,1943840
2018-03-16,462,458,477,458,2051223
2018-03-19,460,458,464,464,2826882
2018-03-20,464,464,471,470,2023595
2018-03-21,489,481,527,521,1366265
2018-03-22,525,496,527,504,2234191
2018-03-23,504,494,525,517,573404
2018-03-26,517,517,573,562,4310956
2018-03-27,575,562,594,564,4195754
2018-03-28,562,519,562,535,436308
2018-03-29,533,510,533,527,381053
2018-03-30,527,527,527,527,0
2018-04-02,573,502,573,517,790255
2018-04-03,533,508,535,525,166287
2018-04-04,525,479,525,479,3279350
2018-04-05,506,479,506,485,1497106
2018-04-06,479,471,483,479,1586765
2018-04-09,479,479,485,485,152212
2018-04-10,485,479,506,504,443606
2018-04-11,487,479,498,496,45872
2018-04-12,483,479,496,479,1043595
2018-04-13,493,477,493,479,561936
2018-04-16,479,479,479,479,0
2018-04-17,479,479,479,479,0
2018-04-18,487,470,487,485,285138
2018-04-19,485,485,485,485,0
2018-04-20,485,485,485,485,0
2018-04-23,489,462,489,489,517627
2018-04-24,489,466,489,475,706850
2018-04-25,475,475,475,475,0
2018-04-26,475,475,475,475,0
2018-04-27,475,475,475,475,0
2018-04-30,450,443,468,452,305989
2018-05-01,452,452,452,452,0
2018-05-02,450,450,477,454,2106478
2018-05-03,454,446,460,454,265851
2018-05-04,450,450,460,452,415457
2018-05-07,483,462,483,466,683393
2018-05-08,468,450,470,450,763148
2018-05-09,450,450,458,458,135531
2018-05-10,458,458,458,458,0
2018-05-11,456,456,462,462,491563
2018-05-14,460,454,464,460,559850
2018-05-15,460,460,468,464,181925
2018-05-16,460,460,462,460,364893
2018-05-17,464,460,468,460,59946
2018-05-18,466,456,466,456,159510
2018-05-21,460,458,462,462,505638
2018-05-22,462,462,470,466,3924690
2018-05-23,477,468,479,473,497297
2018-05-24,473,470,473,471,879393
2018-05-25,473,473,493,489,620319
2018-05-28,489,489,521,517,922659
2018-05-29,517,517,517,517,0
2018-05-30,506,504,525,504,6815690
2018-05-31,525,502,525,504,300776
2018-06-01,504,504,504,504,0
2018-06-04,502,496,514,514,116244
2018-06-05,500,494,519,508,15734209
2018-06-06,514,502,517,514,100606
2018-06-07,516,516,525,525,3989329
2018-06-08,527,517,527,519,1034212
2018-06-11,519,519,519,519,0
2018-06-12,519,519,519,519,0
2018-06-13,519,519,519,519,0
2018-06-14,519,519,519,519,0
2018-06-15,519,519,519,519,0
2018-06-18,519,519,519,519,0
2018-06-19,519,519,519,519,0
2018-06-20,523,517,533,533,8650062
2018-06-21,533,533,629,565,12283359
2018-06-22,567,565,575,569,837170
2018-06-25,575,562,575,573,1547148
2018-06-26,577,569,577,575,529095
2018-06-27,575,569,575,575,370106
2018-06-28,569,521,575,571,531702
2018-06-29,571,546,671,671,2109084
2018-07-02,669,560,669,581,1343329
2018-07-03,581,571,581,573,420148
2018-07-04,573,552,573,556,1125435
2018-07-05,575,554,594,556,912233
2018-07-06,558,558,558,558,474882
2018-07-09,594,556,594,579,813712
2018-07-10,581,573,581,581,116765
2018-07-11,575,575,594,592,209553
2018-07-12,604,594,604,600,90180
2018-07-13,604,604,606,604,65159
2018-07-16,608,604,608,604,96957
2018-07-17,631,610,633,611,263765
2018-07-18,588,587,623,613,78191
2018-07-19,613,588,623,594,670882
2018-07-20,581,575,592,592,1049850
2018-07-23,592,588,594,594,104255
2018-07-24,594,579,594,594,399819
2018-07-25,594,579,594,581,707372
2018-07-26,585,585,592,590,208510
2018-07-27,587,575,592,575,1109276
2018-07-30,575,569,575,573,587999
2018-07-31,573,558,575,558,1308925
2018-08-01,564,564,575,575,1154627
2018-08-02,564,564,575,565,836127
2018-08-03,573,558,573,558,114159
2018-08-06,560,560,565,565,584872
2018-08-07,567,567,575,573,779829
2018-08-08,573,558,573,569,1903701
2018-08-09,564,558,569,560,1582595
2018-08-10,569,565,571,567,1281818
2018-08-13,569,556,573,573,776701
2018-08-14,573,556,604,604,2495871
2018-08-15,602,540,608,570,1497500
2018-08-16,586,576,590,590,212000
2018-08-17,590,590,590,590,0
2018-08-20,590,580,592,592,558000
2018-08-21,592,550,592,568,3404000
2018-08-22,568,568,568,568,0
2018-08-23,570,550,570,556,8834500
2018-08-24,556,552,558,556,214500
2018-08-27,558,540,558,550,950000
2018-08-28,546,504,546,520,3665500
2018-08-29,518,492,530,520,6779000
2018-08-30,516,514,528,520,5294500
2018-08-31,528,518,528,522,2242000
2018-09-03,522,502,522,510,578500
2018-09-04,506,500,522,520,969500
2018-09-05,502,492,512,500,6077500
2018-09-06,500,500,518,518,48000
2018-09-07,518,506,520,516,1204500
2018-09-10,508,496,514,514,2403500
2018-09-11,514,514,514,514,0
2018-09-12,514,500,520,514,3071000
2018-09-13,516,504,520,518,1077500
2018-09-14,520,506,520,514,1693500
2018-09-17,514,514,522,520,2381000
2018-09-18,530,520,530,528,451500
2018-09-19,528,524,530,528,202000
2018-09-20,528,526,560,548,1921500
2018-09-21,550,534,554,548,887000
2018-09-24,556,538,556,540,1028500
2018-09-25,546,540,548,548,1392500
2018-09-26,558,540,558,540,989500
2018-09-27,552,540,552,548,1448500
2018-09-28,548,540,552,540,12190500
2018-10-01,552,540,558,554,902000
2018-10-02,554,534,554,534,1652500
2018-10-03,538,538,550,550,255500
2018-10-04,558,550,570,552,613500
2018-10-05,554,550,558,558,827000
2018-10-08,558,550,564,564,1161000
2018-10-09,566,562,580,574,387500
2018-10-10,584,574,584,580,197000
2018-10-11,566,564,580,580,64500
2018-10-12,580,552,580,578,611500
2018-10-15,582,564,584,578,201000
2018-10-16,576,564,578,576,50000
2018-10-17,584,572,600,580,1050500
2018-10-18,584,554,584,556,934500
2018-10-19,574,556,574,572,132000
2018-10-22,554,554,578,578,428000
2018-10-23,578,566,578,578,35000
2018-10-24,560,560,578,578,35000
2018-10-25,576,576,578,578,257500
2018-10-26,576,556,576,574,369500
2018-10-29,560,552,574,554,525500
2018-10-30,564,558,564,558,28500
2018-10-31,552,552,564,560,193000
2018-11-01,564,560,582,580,1492000
2018-11-02,576,560,582,574,1686000
2018-11-05,578,570,578,576,30000
2018-11-06,580,556,580,566,1135500
2018-11-07,570,562,576,570,49000
2018-11-08,576,552,576,568,1162500
2018-11-09,554,554,568,564,130000
2018-11-12,572,550,572,562,445000
2018-11-13,566,556,568,560,158500
2018-11-14,570,558,570,566,96500
2018-11-15,554,554,570,568,19000
2018-11-16,554,554,568,562,3500
2018-11-19,570,560,570,562,243500
2018-11-20,562,562,562,562,0
2018-11-21,558,550,558,558,2406000
2018-11-22,554,552,568,568,141500
2018-11-23,566,566,568,568,392000
2018-11-26,568,562,568,566,270500
2018-11-27,566,560,568,568,20500
2018-11-28,560,560,568,568,181000
2018-11-29,560,560,568,568,86500
2018-11-30,562,560,568,568,248000
2018-12-03,562,558,568,568,200500
2018-12-04,560,560,568,568,111500
2018-12-05,568,556,568,556,716000
2018-12-06,554,554,576,576,530500
2018-12-07,576,572,586,582,427500
2018-12-10,582,580,590,590,796500
2018-12-11,590,580,590,580,920500
2018-12-12,580,580,588,580,73500
2018-12-13,582,580,584,582,36500
2018-12-14,580,580,588,588,3089500
2018-12-17,590,584,590,590,41000
2018-12-18,598,592,598,594,124500
2018-12-19,606,590,606,594,129500
2018-12-20,592,590,592,590,204500
2018-12-21,598,598,620,610,403500
2018-12-24,610,610,610,610,0
2018-12-25,610,610,610,610,0
2018-12-26,616,616,740,698,3611000
2018-12-27,694,694,770,740,9539000
2018-12-28,740,680,760,700,1538500
2018-12-31,700,700,700,700,0
2019-01-01,700,700,700,700,0
2019-01-02,680,660,700,660,734500
2019-01-03,668,634,668,636,797000
2019-01-04,636,618,650,648,2034000
2019-01-07,648,646,680,660,987000
2019-01-08,660,658,678,678,1846500
2019-01-09,668,656,678,660,595500
2019-01-10,662,640,670,660,222500
2019-01-11,660,654,660,658,112500
2019-01-14,660,650,670,668,99500
2019-01-15,664,658,686,684,1595500
2019-01-16,684,658,684,660,2913500
2019-01-17,660,640,676,668,61000
2019-01-18,668,620,668,640,884000
2019-01-21,660,620,660,644,1044500
2019-01-22,644,640,644,640,36500
2019-01-23,640,610,644,640,1467500
2019-01-24,640,624,640,638,87000
2019-01-25,624,624,650,644,123500
2019-01-28,650,640,650,646,201000
2019-01-29,640,640,660,660,2363500
2019-01-30,660,660,678,678,351000
2019-01-31,684,684,698,688,1292500
2019-02-01,688,688,710,698,1587500
2019-02-04,700,698,710,708,167000
2019-02-05,708,708,708,708,0
2019-02-06,720,704,720,710,738500
2019-02-07,700,690,700,700,572500
2019-02-08,690,690,704,704,552000
2019-02-11,704,680,710,706,618000
2019-02-12,706,680,710,680,613500
2019-02-13,682,682,700,696,1266500
2019-02-14,698,694,700,700,949500
2019-02-15,686,684,708,700,881500
2019-02-18,700,686,708,708,616000
2019-02-19,708,690,708,698,1097000
2019-02-20,704,696,708,706,304000
2019-02-21,708,700,712,710,3851000
2019-02-22,704,704,718,714,201000
2019-02-25,714,698,716,702,2902000
2019-02-26,700,696,704,704,544000
2019-02-27,704,704,714,710,259000
2019-02-28,710,710,724,714,2501000
2019-03-01,720,704,720,706,728000
2019-03-04,706,696,706,702,313000
2019-03-05,700,690,700,696,927500
2019-03-06,704,696,704,700,405500
2019-03-07,700,700,700,700,0
2019-03-08,704,694,704,694,496500
2019-03-11,694,694,700,700,8000
2019-03-12,700,698,702,700,1414000
2019-03-13,700,694,700,694,32000
2019-03-14,698,672,698,682,1192000
2019-03-15,692,662,692,670,445500
2019-03-18,672,670,692,692,215000
2019-03-19,692,680,698,690,291500
2019-03-20,690,690,690,690,500
2019-03-21,698,690,700,690,611500
2019-03-22,690,678,690,688,27500
2019-03-25,686,686,686,686,36000
2019-03-26,684,680,690,680,233000
2019-03-27,680,672,680,672,786500
2019-03-28,676,676,700,676,73000
2019-03-29,678,676,688,678,1280500
2019-04-01,672,672,690,676,156000
2019-04-02,686,676,690,678,252000
2019-04-03,678,678,678,678,0
2019-04-04,678,664,682,680,1546500
2019-04-05,672,660,678,676,487000
2019-04-08,680,680,680,680,870500
2019-04-09,680,670,680,672,56000
2019-04-10,672,670,680,680,2084500
2019-04-11,684,684,790,776,17589000
2019-04-12,770,760,788,760,2126000
2019-04-15,782,778,788,780,1731000
2019-04-16,780,778,784,780,3749500
2019-04-17,780,780,780,780,0
2019-04-18,780,772,782,780,1088500
2019-04-19,780,780,780,780,0
2019-04-22,784,784,804,792,2337000
2019-04-23,804,782,804,790,231500
2019-04-24,796,778,804,790,5173000
2019-04-25,790,780,798,794,341500
2019-04-26,796,790,798,798,249500
2019-04-29,794,794,796,796,491000
2019-04-30,796,790,800,800,1863500
2019-05-01,800,800,800,800,0
2019-05-02,800,784,800,790,389000
2019-05-03,784,784,798,784,634000
2019-05-06,798,786,800,800,1275000
2019-05-07,800,798,810,798,710500
2019-05-08,802,792,802,792,88000
2019-05-09,792,790,802,790,196500
2019-05-10,800,790,804,800,1297500
2019-05-13,800,790,804,796,1663500
2019-05-14,796,796,802,796,428500
2019-05-15,800,790,800,790,158000
2019-05-16,782,740,784,780,265000
2019-05-17,786,742,786,774,209000
2019-05-20,760,740,770,766,183000
2019-05-21,784,760,784,766,551500
2019-05-22,768,760,768,762,203500
2019-05-23,762,762,780,780,111000
2019-05-24,780,770,780,778,1567000
2019-05-27,782,768,782,768,1134000
2019-05-28,768,768,790,790,2627500
2019-05-29,790,784,806,800,1597000
2019-05-30,800,800,800,800,0
2019-05-31,800,794,820,816,5498000
2019-06-03,816,816,816,816,0
2019-06-04,816,816,816,816,0
2019-06-05,816,816,816,816,0
2019-06-06,816,816,816,816,0
2019-06-07,816,816,816,816,0
2019-06-10,816,792,820,812,1585000
2019-06-11,812,790,820,800,4047500
2019-06-12,800,790,800,800,3701000
2019-06-13,800,796,804,796,822000
2019-06-14,796,796,820,812,167000
2019-06-17,812,800,812,800,218000
2019-06-18,800,792,804,804,2689000
2019-06-19,804,804,858,844,1310500
2019-06-20,846,820,856,856,2120500
2019-06-21,856,836,860,858,4692500
2019-06-24,864,860,910,900,5253000
2019-06-25,900,896,960,940,6856500
2019-06-26,940,924,948,940,2942000
2019-06-27,938,912,940,934,1786500
2019-06-28,934,930,946,944,14188500
2019-07-01,950,938,956,942,6039000
2019-07-02,944,932,944,936,4971000
2019-07-03,944,932,950,936,6945500
2019-07-04,940,934,950,944,17083000
2019-07-05,944,938,948,940,9351000
2019-07-08,940,922,940,932,7477500
2019-07-09,932,904,932,912,7758500
2019-07-10,914,914,936,932,19082500
2019-07-11,934,928,938,932,13220000
2019-07-12,930,928,932,932,7616500
2019-07-15,936,934,942,938,15104500
2019-07-16,932,932,942,938,16665000
2019-07-17,938,938,980,942,44203000
2019-07-18,942,928,942,940,38311000
2019-07-19,940,936,1010,990,54883500
2019-07-22,990,978,1020,1000,90421500
2019-07-23,1005,996,1015,996,50081500
2019-07-24,1000,996,1020,1005,88979500
2019-07-25,1005,1005,1020,1010,65819000
2019-07-26,1010,1000,1015,1005,66387500
2019-07-29,1005,998,1005,1000,62955000
2019-07-30,1000,998,1010,1000,61890000
2019-07-31,1005,998,1010,1005,67196000
2019-08-01,1005,998,1010,1000,56533000
2019-08-02,1000,1000,1010,1000,60099000
2019-08-05,1000,998,1070,1040,120063500
2019-08-06,1045,1035,1100,1095,133241000
2019-08-07,1095,1090,1115,1090,94082000
2019-08-08,1100,1090,1105,1100,87879000
2019-08-09,1105,1090,1110,1100,54775000
2019-08-12,1100,1080,1100,1085,67215000
2019-08-13,1090,1090,1165,1105,171377500
2019-08-14,1105,1100,1170,1130,180675500
2019-08-15,1110,1110,1170,1120,139559000
2019-08-16,1125,1120,1155,1130,108542000
2019-08-19,1130,1130,1160,1150,70736500
2019-08-20,1155,1155,1245,1195,353842000
2019-08-21,1205,1205,1245,1220,157228000
2019-08-22,1225,1200,1235,1215,107790000
2019-08-23,1215,1215,1255,1245,69690500
2019-08-26,1245,1225,1300,1235,136076500
2019-08-27,1235,1185,1240,1185,93711000
2019-08-28,1185,1185,1220,1210,114374500
2019-08-29,1210,1210,1260,1235,52774000
2019-08-30,1235,1205,1240,1220,28283500
2019-09-02,1220,1190,1230,1210,33900500
2019-09-03,1220,1210,1270,1250,123368000
2019-09-04,1260,1245,1270,1245,34145000
2019-09-05,1240,1210,1255,1225,75876500
2019-09-06,1230,1200,1230,1220,57097500
2019-09-09,1230,1215,1235,1220,18720500
2019-09-10,1220,1200,1225,1205,24238000
2019-09-11,1200,1200,1220,1200,29573500
2019-09-12,1200,1085,1200,1165,65040500
2019-09-13,1180,1120,1190,1150,69404500
2019-09-16,1165,1155,1210,1210,101115500
2019-09-17,1215,1185,1215,1190,66438000
2019-09-18,1195,1190,1245,1235,122912500
2019-09-19,1235,1220,1245,1240,68395000
2019-09-20,1240,1240,1290,1270,152730500
2019-09-23,1275,1270,1325,1295,203813500
2019-09-24,1300,1270,1310,1270,53647500
2019-09-25,1270,1270,1295,1290,86589000
2019-09-26,1290,1255,1295,1290,79990000
2019-09-27,1290,1240,1290,1260,80130500
2019-09-30,1260,1230,1265,1245,67576500
2019-10-01,1240,1190,1240,1205,67712000
2019-10-02,1205,1180,1215,1190,84873500
2019-10-03,1200,1190,1245,1245,93136500
2019-10-04,1250,1250,1280,1260,114961500
2019-10-07,1270,1250,1280,1260,69853500
2019-10-08,1255,1230,1255,1240,57349500
2019-10-09,1245,1240,1295,1295,125403500
2019-10-10,1295,1270,1335,1270,140653500
2019-10-11,1265,1260,1290,1275,72557000
2019-10-14,1275,1245,1280,1275,70706500
2019-10-15,1275,1270,1300,1285,95893000
2019-10-16,1285,1255,1290,1270,58326500
2019-10-17,1280,1245,1280,1250,65168500
2019-10-18,1260,1230,1285,1250,96866300
2019-10-21,1250,1215,1260,1235,58765300
2019-10-22,1235,1200,1235,1205,51318000
2019-10-23,1210,1190,1255,1250,102298900
2019-10-24,1250,1225,1255,1245,54737000
2019-10-25,1245,1215,1250,1235,39235100
2019-10-28,1235,1230,1245,1230,42671200
2019-10-29,1230,1200,1235,1210,43278200
2019-10-30,1210,1165,1220,1210,64403200
2019-10-31,1210,1185,1210,1195,32786700
2019-11-01,1195,1170,1200,1175,30235900
2019-11-04,1175,1100,1175,1155,40024300
2019-11-05,1155,1105,1155,1115,21602500
2019-11-06,1115,1055,1115,1070,55975400
2019-11-07,1070,1025,1155,1070,142608600
2019-11-08,1060,1025,1080,1055,60874500
2019-11-11,1055,1045,1100,1100,41346700
2019-11-12,1115,1020,1115,1030,66201100
2019-11-13,1030,1010,1050,1035,36677900
2019-11-14,1035,1030,1090,1080,64470800
2019-11-15,1080,1075,1115,1090,71567400
2019-11-18,1090,1010,1090,1010,52776600
2019-11-19,1040,1020,1055,1020,42002200
2019-11-20,1035,1020,1045,1025,37450200
2019-11-21,1030,1020,1075,1075,76765200
2019-11-22,1080,1055,1080,1065,38527500
2019-11-25,1070,1030,1070,1050,36945500
2019-11-26,1055,985,1060,1015,42010400
2019-11-27,1015,1015,1100,1065,73643400
2019-11-28,1075,1070,1115,1080,77974400
2019-11-29,1090,1055,1090,1085,48741900
2019-12-02,1090,1075,1165,1165,81854200
2019-12-03,1165,1140,1175,1145,53092800
2019-12-04,1150,1145,1185,1185,62851700
2019-12-05,1185,1125,1185,1145,46089100
2019-12-06,1150,1105,1150,1110,30911600
2019-12-09,1110,1080,1115,1080,41044400
2019-12-10,1090,1060,1100,1075,29883200
2019-12-11,1080,1075,1105,1085,62974100
2019-12-12,1090,1085,1095,1095,32190100
2019-12-13,1090,1060,1100,1085,36331700
2019-12-16,1085,1080,1105,1095,54443000
2019-12-17,1095,1070,1100,1075,37058800
2019-12-18,1080,1050,1085,1050,25408000
2019-12-19,1050,1025,1055,1030,53438400
2019-12-20,1035,1025,1060,1040,37860000
2019-12-23,1050,1030,1050,1045,35453600
2019-12-24,1050,1030,1050,1045,0
2019-12-25,1050,1030,1050,1045,0
2019-12-26,1055,1055,1125,1115,89565000
2019-12-27,1085,1065,1140,1085,74250900
2019-12-30,1085,1070,1095,1070,35564600
2019-12-31,1085,1070,1095,1070,0
2020-01-01,1085,1070,1095,1070,0
2020-01-02,1075,1070,1100,1090,52337400
2020-01-03,1095,1090,1180,1170,171828200
2020-01-06,1180,1170,1245,1185,168425400
2020-01-07,1185,1165,1210,1195,85863200
2020-01-08,1215,1215,1250,1245,123347000
2020-01-09,1230,1165,1235,1170,81327400
2020-01-10,1170,1155,1180,1175,49179500
2020-01-13,1180,1145,1195,1150,74355400
2020-01-14,1160,1125,1160,1140,45693200
2020-01-15,1140,1140,1170,1145,57411400
2020-01-16,1155,1150,1190,1185,71155600
2020-01-17,1185,1175,1210,1200,56077600
2020-01-20,1205,1190,1215,1200,82171400
2020-01-21,1205,1155,1210,1170,44580700
2020-01-22,1170,1140,1170,1150,36142100
2020-01-23,1150,1120,1205,1185,50821600
2020-01-24,1195,1185,1210,1190,49770200
2020-01-27,1200,1175,1240,1180,63889100
2020-01-28,1185,1180,1200,1180,49491500
2020-01-29,1185,1155,1195,1180,35452700
2020-01-30,1190,1175,1220,1190,111546500
2020-01-31,1190,1160,1205,1170,59833000
2020-02-03,1170,1150,1175,1165,46781100
2020-02-04,1170,1160,1180,1170,45096800
2020-02-05,1165,1150,1175,1170,21829500
2020-02-06,1170,1160,1185,1175,13628000
2020-02-07,1185,1185,1210,1205,46016300
2020-02-10,1205,1195,1230,1225,46556800
2020-02-11,1230,1220,1235,1225,32612900
2020-02-12,1225,1210,1235,1220,50803300
2020-02-13,1220,1200,1225,1220,31942900
2020-02-14,1225,1210,1225,1220,7033700
2020-02-17,1220,1210,1230,1215,33868500
2020-02-18,1220,1220,1250,1245,72395500
2020-02-19,1255,1245,1275,1260,75829200
2020-02-20,1270,1265,1305,1300,195991000
2020-02-21,1305,1300,1340,1340,139312300
2020-02-24,1355,1335,1385,1360,141513600
2020-02-25,1340,1295,1345,1305,73253700
2020-02-26,1305,1270,1325,1310,67090400
2020-02-27,1305,1300,1370,1360,111966200
2020-02-28,1360,1180,1360,1305,89589800
2020-03-02,1305,1195,1305,1235,55801200
2020-03-03,1240,1220,1270,1260,66435300
2020-03-04,1290,1265,1305,1280,107085000
2020-03-05,1285,1250,1295,1290,84970900
2020-03-06,1300,1285,1325,1295,87076800
2020-03-09,1305,1210,1315,1245,81619200
2020-03-10,1245,1210,1255,1220,52194000
2020-03-11,1220,1215,1255,1245,126385800
2020-03-12,1225,1125,1225,1125,56869700
2020-03-13,1050,1050,1125,1125,97867000
2020-03-16,1090,1090,1170,1125,284425900
2020-03-17,1120,1050,1120,1070,203368100
2020-03-18,1085,1010,1125,1100,249200700
2020-03-19,1100,1030,1100,1035,212978200
2020-03-20,1030,965,1030,970,422158000
2020-03-23,970,905,970,905,145004400
2020-03-24,920,890,980,960,49745400
2020-03-25,920,890,980,960,0
2020-03-26,990,990,1100,1070,171286100
2020-03-27,1100,1045,1150,1075,111852100
2020-03-30,1060,1010,1065,1035,129655000
2020-03-31,1055,1000,1075,1015,143935300
2020-04-01,1015,970,1045,1040,169284500
2020-04-02,1050,1025,1065,1050,111642200
2020-04-03,1080,1065,1120,1080,75885700
2020-04-06,1070,1050,1150,1090,46741700
2020-04-07,1120,1120,1260,1240,214326900
2020-04-08,1270,1200,1270,1205,49510800
2020-04-09,1210,1160,1240,1210,52546000
2020-04-10,1210,1160,1240,1210,0
2020-04-13,1250,1225,1290,1260,103734200
2020-04-14,1280,1270,1320,1305,139098100
2020-04-15,1310,1270,1315,1285,117036700
2020-04-16,1285,1250,1300,1280,86932800
2020-04-17,1290,1250,1295,1280,42998100
2020-04-20,1260,1230,1290,1270,86827700
2020-04-21,1270,1240,1285,1275,48114200
2020-04-22,1275,1270,1340,1285,82018500
2020-04-23,1315,1255,1325,1270,77675900
2020-04-24,1290,1260,1290,1270,62121000
2020-04-27,1270,1245,1285,1250,51743800
2020-04-28,1265,1180,1265,1240,60518000
2020-04-29,1210,1210,1260,1250,38617700
2020-04-30,1250,1220,1255,1230,45540400
2020-05-01,1250,1220,1255,1230,0
2020-05-04,1230,1185,1235,1230,48419000
2020-05-05,1230,1225,1250,1235,43431000
2020-05-06,1240,1205,1245,1210,40949400
2020-05-07,1240,1205,1245,1210,0
2020-05-08,1220,1215,1240,1220,45744300
2020-05-11,1230,1190,1230,1210,46608000
2020-05-12,1210,1175,1220,1175,38146600
2020-05-13,1175,1155,1190,1180,29940700
2020-05-14,1180,1180,1250,1230,54085100
2020-05-15,1245,1230,1320,1315,88875800
2020-05-18,1320,1320,1395,1395,128482400
2020-05-19,1400,1340,1400,1345,73429100
2020-05-20,1350,1310,1380,1350,51766100
2020-05-21,1350,1310,1380,1350,0
2020-05-22,1350,1310,1380,1350,0
2020-05-25,1350,1310,1380,1350,0
2020-05-26,1355,1310,1360,1345,31079100
2020-05-27,1330,1255,1330,1280,43566100
2020-05-28,1280,1215,1280,1250,51011300
2020-05-29,1255,1240,1325,1300,74595400
2020-06-01,1255,1240,1325,1300,0
2020-06-02,1325,1310,1355,1350,80951200
2020-06-03,1360,1300,1365,1350,57388900
2020-06-04,1335,1300,1350,1340,56761300
2020-06-05,1340,1330,1355,1340,32706800
2020-06-08,1340,1280,1340,1280,72469600
2020-06-09,1295,1260,1300,1265,32250900
2020-06-10,1280,1270,1305,1305,69726900
2020-06-11,1310,1300,1330,1315,64132300
2020-06-12,1350,1260,1350,1300,41802200
2020-06-15,1310,1235,1315,1250,59174700
2020-06-16,1270,1260,1295,1295,55129200
2020-06-17,1295,1270,1305,1285,31085200
2020-06-18,1285,1275,1300,1285,34138700
2020-06-19,1295,1260,1295,1280,52090300
2020-06-22,1295,1285,1370,1365,105653200
2020-06-23,1365,1360,1410,1365,117454700
2020-06-24,1380,1360,1400,1365,79318900
2020-06-25,1365,1345,1380,1375,60683100
2020-06-26,1380,1350,1380,1355,30793400
2020-06-29,1360,1345,1375,1355,43036200
2020-06-30,1365,1355,1380,1365,34854800
2020-07-01,1375,1360,1400,1385,59775700
2020-07-02,1390,1350,1395,1355,77527200
2020-07-03,1350,1350,1375,1360,36394300
2020-07-06,1365,1360,1380,1370,50503200
2020-07-07,1385,1360,1390,1375,48892100
2020-07-08,1390,1380,1450,1450,230080300
2020-07-09,1465,1460,1555,1535,244166100
2020-07-10,1535,1470,1545,1485,79471100
2020-07-13,1495,1470,1530,1530,110432000
2020-07-14,1530,1495,1540,1510,60000100
2020-07-15,1520,1495,1525,1495,29866300
2020-07-16,1500,1485,1515,1485,37249400
2020-07-17,1485,1455,1500,1485,54905100
2020-07-20,1490,1470,1515,1475,40293900
2020-07-21,1480,1480,1725,1610,160765100
2020-07-22,1650,1595,1700,1630,107400400
2020-07-23,1645,1635,1810,1710,179183100
2020-07-24,1735,1685,1780,1715,88978600
2020-07-27,1770,1755,1955,1860,316915800
2020-07-28,1920,1760,1965,1810,209396600
2020-07-29,1820,1785,1860,1800,69232100
2020-07-30,1805,1760,1835,1790,117558100
2020-07-31,1805,1760,1835,1790,0
2020-08-03,1830,1690,1840,1745,82931500
2020-08-04,1750,1745,1815,1810,111542800
2020-08-05,1900,1860,1950,1935,238426200
2020-08-06,1955,1950,2060,2020,194409800
2020-08-07,2040,2010,2120,2050,140705300
2020-08-10,2060,1945,2060,1980,77940700
2020-08-11,1970,1875,1970,1915,135105800
2020-08-12,1890,1785,1890,1810,267636700
2020-08-13,1820,1770,1850,1770,98448500
2020-08-14,1775,1775,1845,1810,159977700
2020-08-17,1775,1775,1845,1810,0
2020-08-18,1850,1845,1915,1870,195343500
2020-08-19,1900,1820,1905,1825,112232300
2020-08-20,1900,1820,1905,1825,0
2020-08-21,1900,1820,1905,1825,0
2020-08-24,1820,1740,1820,1800,95339300
2020-08-25,1810,1770,1820,1805,88088600
2020-08-26,1800,1785,1830,1790,69866000
2020-08-27,1745,1675,1800,1790,150502000
2020-08-28,1790,1720,1800,1735,149498800
2020-08-31,1755,1725,1780,1740,104446600
2020-09-01,1740,1735,1815,1815,184457100
2020-09-02,1815,1765,1830,1780,111200000
2020-09-03,1770,1740,1775,1745,94046000
2020-09-04,1735,1710,1745,1730,84289800
2020-09-07,1725,1700,1740,1700,99276200
2020-09-08,1700,1675,1705,1705,60392600
2020-09-09,1700,1630,1700,1650,75556200
2020-09-10,1660,1560,1670,1570,79504300
2020-09-11,1540,1505,1655,1630,127323100
2020-09-14,1630,1620,1680,1670,134670700
2020-09-15,1690,1610,1725,1620,234628300
2020-09-16,1550,1530,1575,1530,140647300
2020-09-17,1520,1505,1590,1575,139644300
2020-09-18,1575,1555,1615,1600,107382800
2020-09-21,1600,1550,1610,1570,83700000
2020-09-22,1540,1505,1590,1570,70032800
2020-09-23,1560,1550,1585,1580,55485600
2020-09-24,1550,1510,1570,1530,49966400
2020-09-25,1545,1530,1565,1555,45581600
2020-09-28,1560,1540,1635,1615,129001500
2020-09-29,1630,1590,1650,1615,135012200
2020-09-30,1635,1595,1645,1615,60159400
2020-10-01,1650,1605,1650,1625,57647400
2020-10-02,1630,1600,1725,1690,161055500
2020-10-05,1690,1655,1695,1690,83149000
2020-10-06,1705,1675,1710,1680,58633300
2020-10-07,1650,1640,1725,1715,104827500
2020-10-08,1715,1710,1750,1745,79058300
2020-10-09,1745,1740,1775,1770,86696300
2020-10-12,1800,1775,1810,1790,116272000
2020-10-13,1790,1760,1810,1805,78056500
2020-10-14,1795,1785,1830,1805,94658000
2020-10-15,1810,1805,1860,1835,135038900
2020-10-16,1835,1775,1845,1800,36840300
2020-10-19,1800,1775,1810,1790,62482800
2020-10-20,1790,1780,1800,1800,56438400
2020-10-21,1810,1805,1840,1815,78283900
2020-10-22,1815,1795,1820,1820,62401900
2020-10-23,1820,1810,1900,1860,142428300
2020-10-26,1850,1815,1855,1830,75665500
2020-10-27,1820,1795,1855,1830,53127800
2020-10-28,1820,1795,1855,1830,0
2020-10-29,1820,1795,1855,1830,0
2020-10-30,1820,1795,1855,1830,0
2020-11-02,1795,1775,1855,1850,76074700
2020-11-03,1870,1855,1880,1875,41967400
2020-11-04,1885,1850,1890,1860,55645400
2020-11-05,1875,1870,1965,1940,119456300
2020-11-06,1990,1930,1990,1935,91467800
2020-11-09,1960,1940,1985,1965,112827100
2020-11-10,1830,1830,1900,1850,183285700
2020-11-11,1905,1820,1905,1830,124715400
2020-11-12,1830,1790,1860,1810,78312100
2020-11-13,1775,1775,1830,1815,117656400
2020-11-16,1850,1835,1870,1860,141256300
2020-11-17,1865,1860,1920,1885,157652800
2020-11-18,1890,1890,1930,1905,140322400
2020-11-19,1895,1875,1910,1895,84485800
2020-11-20,1900,1835,1900,1865,101722800
2020-11-23,1880,1865,1905,1885,99842300
2020-11-24,1850,1815,1850,1830,104964700
2020-11-25,1820,1810,1875,1815,103692600
2020-11-26,1830,1820,1895,1890,123129000
2020-11-27,1905,1900,1975,1965,192902600
2020-11-30,1950,1900,2010,1940,1075121400
2020-12-01,1955,1835,1960,1860,74820000
2020-12-02,1900,1885,1965,1960,137723300
2020-12-03,1990,1955,2000,1995,134647300
2020-12-04,2000,1970,2010,2000,60856300
2020-12-07,2010,1985,2050,2030,73363800
2020-12-08,2050,1985,2070,2030,22324700
2020-12-09,2050,1985,2070,2030,0
2020-12-10,2000,1930,2050,1940,113765900
2020-12-11,1935,1900,1950,1935,25517900
2020-12-14,1970,1935,1980,1945,32243000
2020-12-15,1935,1925,2000,2000,37055200
2020-12-16,2030,2010,2130,2120,92847900
2020-12-17,2160,2030,2220,2100,79993400
2020-12-18,2160,2120,2290,2240,122791500
2020-12-21,2290,2290,2780,2770,131656000
2020-12-22,2780,2580,2900,2600,97125800
2020-12-23,2710,2450,2790,2540,94798100
2020-12-24,2710,2450,2790,2540,0
2020-12-25,2710,2450,2790,2540,0
2020-12-28,2640,2540,2670,2570,50263100
2020-12-29,2600,2480,2650,2500,55561600
2020-12-30,2500,2410,2630,2430,63462000
2020-12-31,2500,2410,2630,2430,0
2021-01-01,2500,2410,2630,2430,0
2021-01-04,2540,2460,2670,2590,74469500
2021-01-05,2630,2610,2850,2730,120913000
2021-01-06,2760,2600,2780,2650,65428500
2021-01-07,2620,2590,2690,2640,39300300
2021-01-08,2670,2620,2690,2650,31401600
2021-01-11,2570,2490,2600,2540,89064800
2021-01-12,2550,2470,2570,2500,45077400
2021-01-13,2550,2470,2560,2510,24893300
2021-01-14,2540,2450,2550,2450,45967600
2021-01-15,2470,2460,2600,2550,73923800
2021-01-18,2530,2420,2530,2470,32665900
2021-01-19,2480,2300,2510,2350,52441100
2021-01-20,2350,2340,2550,2530,51723400
2021-01-21,2590,2480,2640,2530,46992400
2021-01-22,2530,2390,2550,2420,39261900
2021-01-25,2400,2260,2500,2420,42965300
2021-01-26,2430,2410,2550,2490,64872800
2021-01-27,2490,2360,2500,2410,40401300
2021-01-28,2360,2260,2400,2290,72972900
2021-01-29,2260,2260,2590,2550,149492200
2021-02-01,2580,2460,2800,2800,168527800
2021-02-02,2840,2610,2880,2630,118310800
2021-02-03,2600,2550,2680,2570,89019500
2021-02-04,2560,2430,2590,2480,72460100
2021-02-05,2460,2400,2570,2460,74549400
2021-02-08,2500,2460,2530,2510,49247000
2021-02-09,2650,2540,2670,2550,81597100
2021-02-10,2550,2520,2620,2560,57889300
2021-02-11,2600,2560,2660,2580,69999100
2021-02-12,2600,2560,2660,2580,0
2021-02-15,2590,2520,2620,2540,58501200
2021-02-16,2540,2510,2580,2550,80051900
2021-02-17,2540,2470,2590,2560,81087100
2021-02-18,2570,2540,2730,2650,188225600
2021-02-19,2590,2580,2700,2630,117512500
2021-02-22,2730,2700,3000,2830,271061100
2021-02-23,2890,2730,2910,2750,208074600
2021-02-24,2760,2630,2820,2680,151673600
2021-02-25,2730,2630,2740,2730,85893700
2021-02-26,2650,2610,2830,2830,133809200
2021-03-01,2830,2730,2870,2840,106930500
2021-03-02,2800,2670,2810,2670,80333700
2021-03-03,2690,2690,2770,2750,97695600
2021-03-04,2690,2580,2750,2620,79318200
2021-03-05,2520,2520,2610,2600,47970300
2021-03-08,2610,2480,2640,2550,79253300
2021-03-09,2550,2430,2550,2460,48188400
2021-03-10,2510,2480,2530,2500,54679800
2021-03-11,2510,2480,2530,2500,0
2021-03-12,2550,2470,2610,2490,53485200
2021-03-15,2500,2440,2540,2470,39246300
2021-03-16,2480,2360,2500,2420,54001900
2021-03-17,2380,2350,2450,2410,45701600
2021-03-18,2450,2420,2470,2440,59643100
2021-03-19,2420,2370,2430,2410,55474700
2021-03-22,2400,2350,2410,2370,40505100
2021-03-23,2400,2310,2420,2340,54721800
2021-03-24,2300,2240,2320,2260,48327100
2021-03-25,2240,2230,2290,2270,52827700
2021-03-26,2330,2280,2360,2330,60444300
2021-03-29,2330,2300,2390,2300,35536200
2021-03-30,2280,2170,2320,2200,51233100
2021-03-31,2160,2130,2230,2150,99916500
2021-04-01,2160,2140,2250,2240,68117500
2021-04-02,2160,2140,2250,2240,0
2021-04-05,2270,2230,2320,2250,45347000
2021-04-06,2270,2220,2360,2310,86483000
2021-04-07,2330,2270,2340,2300,39879700
2021-04-08,2300,2270,2330,2300,48833100
2021-04-09,2300,2160,2340,2180,46998800
2021-04-12,2160,2150,2210,2180,48655600
2021-04-13,2180,2090,2180,2140,39321500
2021-04-14,2170,2150,2230,2210,78997800
2021-04-15,2200,2120,2210,2190,68414100
2021-04-16,2220,2220,2430,2430,141507500
2021-04-19,2470,2340,2560,2380,71137200
2021-04-20,2380,2230,2380,2280,97177300
2021-04-21,2250,2220,2320,2280,64928800
2021-04-22,2300,2260,2320,2280,42470900
2021-04-23,2260,2210,2280,2270,76718600
2021-04-26,2280,2270,2380,2340,82251700
2021-04-27,2370,2330,2500,2440,127085100
2021-04-28,2440,2400,2470,2430,82229100
2021-04-29,2450,2440,2580,2560,130199200
2021-04-30,2550,2520,2620,2620,79478600
2021-05-03,2570,2470,2600,2490,52925500
2021-05-04,2510,2500,2570,2560,70303700
2021-05-05,2550,2510,2580,2550,72367600
2021-05-06,2570,2550,2630,2600,63044100
2021-05-07,2640,2610,2690,2660,85723700
2021-05-10,2730,2700,2800,2770,146783600
2021-05-11,2710,2620,2720,2710,94569500
2021-05-12,2710,2620,2720,2710,0
2021-05-13,2710,2620,2720,2710,0
2021-05-14,2710,2620,2720,2710,0
2021-05-17,2730,2550,2740,2590,73901800
2021-05-18,2600,2520,2650,2630,96122600
2021-05-19,2630,2590,2640,2630,80697200
2021-05-20,2580,2480,2630,2500,85497000
2021-05-21,2510,2400,2540,2480,79774600
2021-05-24,2470,2410,2510,2450,63021600
2021-05-25,2450,2420,2560,2550,93480300
2021-05-26,2450,2420,2560,2550,0
2021-05-27,2560,2520,2650,2610,169130600
2021-05-28,2660,2480,2670,2600,72057000
2021-05-31,2560,2550,2730,2700,118431700
2021-06-01,2560,2550,2730,2700,0
2021-06-02,2700,2680,2790,2750,84131800
2021-06-03,2720,2640,2720,2720,58090500
2021-06-04,2690,2580,2690,2600,47715400
2021-06-07,2620,2590,2710,2700,93158700
2021-06-08,2700,2630,2720,2680,43313600
2021-06-09,2680,2650,2880,2850,110803800
2021-06-10,2850,2720,2860,2820,54355400
2021-06-11,2820,2730,2820,2790,50844600
2021-06-14,2780,2760,2900,2850,91969300
2021-06-15,2850,2810,3060,2890,270151900
2021-06-16,2860,2840,3030,2910,181368700
2021-06-17,2900,2870,3150,3080,220418000
2021-06-18,3050,2870,3050,2870,201741800
2021-06-21,2770,2710,2920,2890,84642900
2021-06-22,2900,2830,3030,2950,105886100
2021-06-23,2970,2890,3000,2900,58852900
2021-06-24,2930,2810,2960,2860,24047400
2021-06-25,2880,2860,2930,2890,40402800
2021-06-28,2900,2850,2920,2880,33945100
2021-06-29,2860,2810,2920,2860,43649100
2021-06-30,2890,2870,2990,2940,93633800
2021-07-01,2940,2880,2950,2930,40483500
2021-07-02,2930,2880,2950,2930,22990800
2021-07-05,2960,2890,2980,2910,25902100
2021-07-06,2920,2920,3240,3130,160368000
2021-07-07,3130,2980,3200,3010,58133700
2021-07-08,3000,3000,3060,3050,55726900
2021-07-09,3030,2940,3050,2980,35729400
2021-07-12,2980,2930,3020,2950,33430300
2021-07-13,2960,2900,3060,2940,57497900
2021-07-14,2940,2890,2990,2970,42435100
2021-07-15,3040,2990,3090,3050,45223100
2021-07-16,3050,3020,3100,3020,47339500
2021-07-19,3020,2920,3040,2930,29271900
2021-07-20,3020,2920,3040,2930,0
2021-07-21,2970,2820,2990,2840,41147100
2021-07-22,2840,2830,2980,2890,57060300
2021-07-23,2940,2900,2950,2930,39578400
2021-07-26,2930,2840,2950,2860,32231500
2021-07-27,2880,2820,2940,2830,26127500
2021-07-28,2850,2840,2890,2880,30185500
2021-07-29,2880,2810,2990,2970,65108800
2021-07-30,3010,2960,3060,2960,55473100
2021-08-02,2960,2860,3000,2890,28328600
2021-08-03,2900,2890,2970,2910,40119400
2021-08-04,2910,2850,2910,2870,25300300
2021-08-05,2870,2830,2960,2830,47847600
2021-08-06,2830,2650,2850,2690,45599200
2021-08-09,2680,2550,2680,2620,39158300
2021-08-10,2600,2540,2650,2580,57960000
2021-08-11,2600,2540,2650,2580,0
2021-08-12,2600,2540,2830,2790,97835400
2021-08-13,2820,2760,2850,2820,58690200
2021-08-16,2850,2680,2850,2720,39447100
2021-08-17,2850,2680,2850,2720,0
2021-08-18,2720,2620,2770,2700,64269100
2021-08-19,2700,2640,2750,2670,60965700
2021-08-20,2610,2560,2690,2640,57808900
2021-08-23,2650,2640,2760,2730,51985400
2021-08-24,2750,2660,2750,2700,42185900
2021-08-25,2650,2640,2720,2700,69867300
2021-08-26,2680,2650,2720,2700,39264900
2021-08-27,2700,2660,2720,2690,42611800
2021-08-30,2720,2710,2830,2810,63122800
2021-08-31,2810,2710,2840,2820,54591000
2021-09-01,2820,2770,2850,2790,55351800
2021-09-02,2800,2790,2830,2820,40910800
2021-09-03,2820,2740,2820,2800,43153800
2021-09-06,2800,2790,2890,2860,55928300
2021-09-07,2860,2810,2910,2820,55502200
2021-09-08,2800,2680,2800,2730,49129900
2021-09-09,2730,2670,2770,2770,50062500
2021-09-10,2770,2760,2880,2820,68407300
2021-09-13,2820,2760,2870,2810,44252700
2021-09-14,2840,2710,2840,2740,40136600
2021-09-15,2740,2700,2760,2720,43746400
2021-09-16,2740,2700,2760,2710,32046500
2021-09-17,2680,2660,2780,2720,103240300
2021-09-20,2720,2670,2730,2710,44667300
2021-09-21,2710,2580,2710,2630,26958700
2021-09-22,2660,2630,2720,2720,66025400
2021-09-23,2740,2640,2750,2650,38561100
2021-09-24,2640,2630,2680,2650,67232400
2021-09-27,2670,2620,2740,2650,55295400
2021-09-28,2660,2590,2660,2590,36740200
2021-09-29,2590,2530,2600,2530,47967700
2021-09-30,2540,2460,2550,2520,39454100
2021-10-01,2520,2420,2520,2460,71042200
2021-10-04,2490,2490,2840,2810,107870100
2021-10-05,2810,2620,2820,2630,92990900
2021-10-06,2720,2610,2730,2670,71640500
2021-10-07,2690,2620,2740,2650,86682800
2021-10-08,2700,2690,2780,2740,78478500
2021-10-11,2760,2760,3100,3090,175523500
2021-10-12,3090,2980,3150,3010,102038800
2021-10-13,3030,3020,3130,3060,61902100
2021-10-14,3120,3040,3150,3090,83690800
2021-10-15,3120,3120,3380,3250,135862100
2021-10-18,3250,3250,3450,3320,93648800
2021-10-19,3380,3250,3420,3320,65321500
2021-10-20,3380,3250,3420,3320,0
2021-10-21,3320,3250,3390,3250,51884600
2021-10-22,3200,3130,3280,3210,75964900
2021-10-25,3250,3190,3340,3220,66075000
2021-10-26,3250,3140,3270,3190,49124300
2021-10-27,3180,3160,3300,3240,75363700
2021-10-28,3240,3070,3250,3120,48691800
2021-10-29,3120,3110,3200,3160,44934600
2021-11-01,3160,3090,3200,3100,38735700
2021-11-02,3140,3050,3210,3100,62477500
2021-11-03,3110,3040,3140,3130,43867300
2021-11-04,3170,3090,3180,3110,44332400
2021-11-05,3080,3070,3150,3090,37771000
2021-11-08,3130,3100,3180,3130,71663300
2021-11-09,3150,3150,3290,3250,102782500
2021-11-10,3250,3240,3330,3280,76481500
2021-11-11,3310,3210,3330,3280,42409000
2021-11-12,3310,3310,3540,3430,104066900
2021-11-15,3440,3340,3470,3400,49486700
2021-11-16,3380,3300,3500,3500,112430200
2021-11-17,3530,3390,3590,3480,113566600
2021-11-18,3500,3420,3520,3450,58219700
2021-11-19,3420,3420,3720,3710,94709100
2021-11-22,3710,3610,3790,3750,65397800
2021-11-23,3700,3600,3760,3620,70216500
2021-11-24,3620,3590,3690,3620,57261000
2021-11-25,3640,3610,3730,3650,51597300
2021-11-26,3650,3510,3650,3550,59248500
2021-11-29,3550,3520,3750,3740,107086300
2021-11-30,3770,3650,3900,3660,167791600
2021-12-01,3660,3560,3750,3710,86638900
2021-12-02,3680,3630,3750,3690,86341700
2021-12-03,3690,3580,3700,3650,56287800
2021-12-06,3670,3600,3710,3660,79964000
2021-12-07,3700,3690,3830,3780,81406600
2021-12-08,3800,3780,3960,3840,86620900
2021-12-09,3850,3770,3870,3870,65138600
2021-12-10,3870,3660,3870,3700,85044700
2021-12-13,3730,3720,3780,3740,49149900
2021-12-14,3750,3560,3750,3610,54697800
2021-12-15,3610,3580,3690,3630,81386800
2021-12-16,3660,3590,3720,3700,84844100
2021-12-17,3750,3700,3780,3700,94336700
2021-12-20,3710,3680,3810,3790,55366300
2021-12-21,3790,3710,3790,3770,36610800
2021-12-22,3820,3820,3940,3870,94160600
2021-12-23,3900,3810,3930,3890,63513300
2021-12-24,3890,3860,4000,3860,65531800
2021-12-27,3860,3840,3970,3970,58117800
2021-12-28,3970,3890,4000,3960,64058300
2021-12-29,3960,3860,4000,3940,59575200
2021-12-30,3940,3890,3970,3890,63284000
2021-12-31,3940,3890,3970,3890,0
2022-01-03,3890,3880,4140,4140,79712700
2022-01-04,4140,4030,4140,4030,49601600
2022-01-05,4030,3900,4030,3950,65694300
2022-01-06,3920,3870,3990,3960,70451400
2022-01-07,3980,3930,4020,3940,52596700
2022-01-10,3940,3880,3970,3930,56395100
2022-01-11,3920,3870,3940,3900,47584500
2022-01-12,3930,3850,4050,3900,97782300
2022-01-13,3930,3930,4030,4030,74125000
2022-01-14,4030,3950,4090,4040,60265300
2022-01-17,4040,3950,4050,4020,45457000
2022-01-18,4020,3870,4040,3940,48093800
2022-01-19,3930,3830,3950,3840,43660300
2022-01-20,3840,3810,3920,3870,64887800
2022-01-21,3870,3860,4000,3960,65087300
2022-01-24,3960,3850,3960,3910,39758600
2022-01-25,3870,3730,3900,3840,68712800
2022-01-26,3840,3740,3860,3740,50199600
2022-01-27,3730,3670,3770,3710,39839500
2022-01-28,3700,3630,3740,3630,42174000
2022-01-31,3630,3610,3750,3640,61107600
2022-02-01,3630,3610,3750,3640,0
2022-02-02,3660,3660,3840,3730,76277100
2022-02-03,3740,3610,3750,3630,50115100
2022-02-04,3630,3570,3680,3620,43925800
2022-02-07,3620,3620,3700,3640,36955300
2022-02-08,3650,3560,3700,3580,52231300
2022-02-09,3600,3530,3620,3600,49505200
2022-02-10,3610,3530,3670,3530,73527200
2022-02-11,3550,3510,3600,3600,46923500
2022-02-14,3630,3540,3660,3650,57246300
2022-02-15,3660,3630,3800,3760,159016600
2022-02-16,3770,3710,3860,3800,61318600
2022-02-17,3800,3750,3900,3860,56821700
2022-02-18,3880,3820,3930,3850,43147800
2022-02-21,3850,3790,3880,3810,38669700
2022-02-22,3810,3690,3840,3780,56416000
2022-02-23,3780,3710,3850,3850,83039900
2022-02-24,3850,3660,3850,3840,84003400
2022-02-25,3840,3790,3900,3870,66954400
2022-02-28,3840,3790,3900,3870,0
2022-03-01,3870,3810,3970,3810,98862900
2022-03-02,3850,3820,3980,3900,94286900
2022-03-03,3850,3820,3980,3900,0
2022-03-04,3950,3950,4450,4240,190445600
2022-03-07,4350,4250,4440,4360,111180800
2022-03-08,4400,4400,4700,4700,148742600
2022-03-09,4750,4530,4750,4600,90275400
2022-03-10,4500,4280,4500,4390,101543500
2022-03-11,4390,4310,4480,4350,77891000
2022-03-14,4320,4220,4360,4300,57117200
2022-03-15,4210,4150,4300,4230,82202200
2022-03-16,4240,4110,4280,4220,72825800
2022-03-17,4280,4220,4380,4370,67364900
2022-03-18,4410,4260,4430,4300,69812400
2022-03-21,4360,4310,4450,4340,47381900
2022-03-22,4330,4280,4580,4530,79172500
2022-03-23,4550,4450,4570,4540,49777800
2022-03-24,4500,4500,4750,4750,63832200
2022-03-25,4750,4620,4750,4750,58220000
2022-03-28,4750,4700,4890,4730,109987700
2022-03-29,4730,4480,4830,4580,74755700
2022-03-30,4580,4450,4640,4520,63582800
2022-03-31,4550,4450,4580,4530,40613600
2022-04-01,4520,4480,4670,4590,59929200
2022-04-04,4590,4560,4870,4870,63214400
2022-04-05,4751,4741,4926,4858,76940250
2022-04-06,4819,4721,4902,4902,57155014
2022-04-07,4926,4838,5073,4951,73941484
2022-04-08,5073,4926,5609,5390,85731650
2022-04-11,5365,5024,5512,5073,88866640
2022-04-12,5073,5048,5365,5365,80943013
2022-04-13,5438,5243,5463,5390,52186488
2022-04-14,5400,5225,5475,5250,44569000
2022-04-15,5400,5225,5475,5250,0
2022-04-18,5300,5300,5750,5700,71861800
2022-04-19,5700,5375,5800,5425,59729900
2022-04-20,5500,5300,5700,5700,78092600
2022-04-21,5675,5400,5675,5500,42950000
2022-04-22,5400,5275,5575,5300,50514700
2022-04-25,5275,5050,5325,5200,71282800
2022-04-26,5075,4970,5250,5075,62804500
2022-04-27,5050,5000,5375,5300,49009400
2022-04-28,5325,5250,5425,5300,40418900
2022-04-29,5325,5250,5425,5300,0
2022-05-02,5325,5250,5425,5300,0
2022-05-03,5325,5250,5425,5300,0
2022-05-04,5325,5250,5425,5300,0
2022-05-05,5325,5250,5425,5300,0
2022-05-06,5325,5250,5425,5300,0
2022-05-09,5150,4930,5250,4950,104434800
2022-05-10,4800,4620,4840,4830,107238100
2022-05-11,4830,4800,4950,4860,47129700
2022-05-12,4850,4520,4850,4600,108059600
2022-05-13,4560,4280,4570,4380,107786800
2022-05-16,4560,4280,4570,4380,0
2022-05-17,4440,4350,4600,4480,87255600
2022-05-18,4550,4530,4990,4750,149249600
2022-05-19,4720,4620,5175,4980,140331300
2022-05-20,5025,4860,5125,4860,60912700
2022-05-23,4870,4770,4970,4840,58604900
2022-05-24,4900,4900,5375,5275,87215600
2022-05-25,5275,5050,5350,5100,52123600
2022-05-26,5275,5050,5350,5100,0
2022-05-27,5275,5050,5350,5100,0
2022-05-30,5350,5075,5350,5175,54430200
2022-05-31,5225,5100,5450,5450,146398600
2022-06-01,5225,5100,5450,5450,0
2022-06-02,5425,5150,5425,5200,52418600
2022-06-03,5300,5125,5375,5200,76931200
2022-06-06,5175,4990,5325,5300,75974500
2022-06-07,5300,5150,5375,5150,58420100
2022-06-08,5200,5075,5250,5125,56286000
2022-06-09,5150,5100,5275,5150,55379800
2022-06-10,5050,4960,5250,4970,68231600
2022-06-13,4700,4630,4820,4700,165547300
2022-06-14,4610,4560,4740,4700,111505800
2022-06-15,4680,4390,4690,4430,108234200
2022-06-16,4480,4330,4570,4400,104944300
2022-06-17,4310,4100,4430,4100,623794400
2022-06-20,4150,4100,4700,4550,248337200
2022-06-21,4610,4450,4700,4600,116371700
2022-06-22,4600,4470,4640,4490,82794500
2022-06-23,4410,4330,4560,4440,93922800
2022-06-24,4440,4360,4500,4440,55960700
2022-06-27,4440,4150,4440,4150,81732700
2022-06-28,4040,3940,4130,4030,127184000
2022-06-29,4000,3940,4060,3940,98676700
2022-06-30,3950,3950,4050,3990,94922400
2022-07-01,4110,3920,4150,3960,65997700
2022-07-04,4010,3820,4050,3880,69956200
2022-07-05,3910,3890,4130,4050,59205200
2022-07-06,4000,3770,4000,3810,71873600
2022-07-07,3800,3730,3830,3820,48924000
2022-07-08,3870,3840,3930,3890,39780700
2022-07-11,3890,3770,3900,3810,21691300
2022-07-12,3810,3750,3850,3750,27843600
2022-07-13,3690,3560,3690,3610,82119000
2022-07-14,3570,3470,3590,3570,71155200
2022-07-15,3500,3350,3550,3350,49063900
2022-07-18,3400,3400,3510,3510,50721500
2022-07-19,3570,3520,3830,3770,99209300
2022-07-20,3850,3750,3920,3830,76330400
2022-07-21,3830,3710,3830,3780,35792800
2022-07-22,3800,3800,4040,4030,62116400
2022-07-25,4070,3910,4130,3920,36131800
2022-07-26,3920,3830,3950,3920,61409500
2022-07-27,3960,3870,3980,3930,19902900
2022-07-28,4000,3970,4180,4140,76815600
2022-07-29,4150,4050,4190,4060,63495100
2022-08-01,4140,4030,4150,4130,35455200
2022-08-02,4150,3970,4180,4110,55214000
2022-08-03,4050,4020,4140,4100,47489200
2022-08-04,4090,3930,4100,3970,55939300
2022-08-05,3970,3950,4070,4070,46088800
2022-08-08,4060,3980,4250,4240,81365300
2022-08-09,4270,4170,4290,4190,75716900
2022-08-10,4190,4120,4230,4190,43914700
2022-08-11,4280,4250,4500,4470,76424800
2022-08-12,4480,4340,4540,4380,61082700
2022-08-15,4390,4290,4400,4300,41674500
2022-08-16,4290,4210,4300,4230,73599500
2022-08-17,4290,4210,4300,4230,0
2022-08-18,4200,4130,4250,4240,95859600
2022-08-19,4280,4250,4440,4310,82126100
2022-08-22,4190,4070,4190,4140,117294600
2022-08-23,4180,4130,4210,4150,48810500
2022-08-24,4150,4100,4200,4190,35745500
2022-08-25,4200,4120,4220,4130,30335100
2022-08-26,4160,4130,4240,4160,37407600
2022-08-29,4100,4040,4130,4120,37417300
2022-08-30,4180,4130,4320,4290,63710300
2022-08-31,4260,4190,4290,4280,65205400
2022-09-01,4280,4120,4290,4120,34979900
2022-09-02,4120,3980,4140,3990,66031500
2022-09-05,3970,3920,4120,4090,38535400
2022-09-06,4150,4130,4220,4170,50405200
2022-09-07,4120,4010,4170,4020,51099400
2022-09-08,4050,3940,4070,3950,65471900
2022-09-09,4000,3930,4000,3940,47680100
2022-09-12,4000,4000,4270,4180,152697300
2022-09-13,4250,4240,4450,4360,112721800
2022-09-14,4280,4260,4440,4340,76233500
2022-09-15,4350,4290,4400,4340,84997300
2022-09-16,4290,4120,4310,4220,131366400
2022-09-19,4280,4070,4300,4170,89945200
2022-09-20,4170,4100,4200,4170,53781800
2022-09-21,4160,4050,4160,4140,53880600
2022-09-22,4100,4070,4260,4240,40983700
2022-09-23,4240,4180,4290,4210,27200300
2022-09-26,4160,4050,4170,4100,35578900
2022-09-27,4080,4050,4120,4080,24054200
2022-09-28,4060,3830,4070,3850,57155300
2022-09-29,3920,3860,3960,3880,36788800
2022-09-30,3880,3800,3950,3940,50101300
2022-10-03,3910,3870,3940,3890,27790100
2022-10-04,3940,3880,3990,3960,39359100
2022-10-05,4000,3940,4080,3950,34774900
2022-10-06,3970,3890,4020,3890,27729000
2022-10-07,3890,3870,3920,3890,17753100
2022-10-10,3860,3730,3870,3750,25118200
2022-10-11,3750,3730,3840,3760,18728800
2022-10-12,3760,3680,3820,3730,20761400
2022-10-13,3750,3750,3820,3750,17787400
2022-10-14,3820,3660,3830,3660,27638000
2022-10-17,3650,3530,3650,3600,38252600
2022-10-18,3620,3560,3660,3620,17109200
2022-10-19,3650,3580,3720,3680,24930700
2022-10-20,3680,3620,3830,3830,39284900
2022-10-21,3810,3690,3810,3740,35657800
2022-10-24,3750,3680,3790,3750,41953600
2022-10-25,3750,3680,3770,3750,36755000
2022-10-26,3770,3740,3890,3810,35880000
2022-10-27,3840,3800,3940,3850,32625200
2022-10-28,3860,3740,3870,3850,42537300
2022-10-31,3890,3770,3900,3770,30426500
2022-11-01,3780,3680,3850,3740,28178200
2022-11-02,3800,3770,3900,3880,43655700
2022-11-03,3860,3780,3880,3800,22737600
2022-11-04,3810,3780,3990,3990,40098200
2022-11-07,4240,4100,4260,4100,0
2022-11-08,4240,4100,4260,4100,0
2022-11-09,4240,4100,4260,4100,0
2022-11-10,4240,4100,4260,4100,35755800
2022-11-11,4250,4250,4450,4450,97538500
2022-11-14,4530,4430,4610,4500,52666500
2022-11-15,4530,4470,4590,4550,43071600
2022-11-16,4550,4410,4560,4470,27682700
2022-11-17,4400,4310,4470,4460,45989000
2022-11-18,4410,4370,4460,4410,20462300
2022-11-21,4410,4320,4460,4370,21838300
2022-11-22,4370,4270,4420,4320,26941000
2022-11-23,4350,4320,4450,4350,34633700
2022-11-24,4380,4380,4480,4430,31060800
2022-11-25,4430,4300,4430,4380,19279100
2022-11-28,4330,4080,4330,4090,137992600
2022-11-29,4060,3970,4140,4110,96546900
2022-11-30,4130,4090,4180,4150,113575500
2022-12-01,4130,4090,4180,4150,0
2022-12-02,4450,4370,4450,4440,49146700
2022-12-05,4450,4430,4500,4460,57788700
2022-12-06,4450,4300,4450,4350,43517800
2022-12-07,4350,4190,4420,4230,50593000
2022-12-08,4270,4230,4420,4420,58878200
2022-12-09,4400,4360,4440,4380,37623200
